company,title,link,location,experience,education,employment_type,deadline,sector,salary,created_at,views,tech_stack
(주)한싹,기술 엔지니어[솔루션 구축/교육/점검] 및  솔루션연구소 S/W 연구개발자(웹개발) 채용,https://www.saramin.co.kr/zf_user/jobs/relay/view?view_type=search&rec_idx=49552983&location=ts&searchword=%EA%B0%9C%EB%B0%9C&searchType=search&paid_fl=n&search_uuid=ef460644-300e-4615-89cb-26a354031a8a,서울 구로구,신입·경력,초대졸↑,정규직,~ 12/24(화),"['웹개발', 'SI개발', '백엔드/서버개발', '설계엔지니어', '외']",,수정일 24/12/11,0,['Java']
(주)비보존제약,"부문별 신입/경력 공개채용(CRA/마케팅/생산,QC/연구개발)",https://www.saramin.co.kr/zf_user/jobs/relay/view?view_type=search&rec_idx=49411662&location=ts&searchword=%EA%B0%9C%EB%B0%9C&searchType=search&paid_fl=n&search_uuid=ef460644-300e-4615-89cb-26a354031a8a,경기 화성시,신입·경력,고졸↑,정규직·계약직,~ 01/17(금),"['R&D', 'HRD', '임상개발', '기획', 'R&D기획 외']",,수정일 24/12/12,0,[]
웹케시(주),"신입/경력직 모집(개발,마케팅,경영기획,법무 등)",https://www.saramin.co.kr/zf_user/jobs/relay/view?view_type=search&rec_idx=49535563&location=ts&searchword=%EA%B0%9C%EB%B0%9C&searchType=search&paid_fl=n&search_uuid=ef460644-300e-4615-89cb-26a354031a8a,서울 영등포구,신입·경력,대졸↑,정규직·계약직,~ 12/16(월),"['앱개발', '웹개발', '퍼블리셔', '기획', 'CSS 외']",,수정일 24/12/06,0,[]
(주)디엠에스,"각 부문별 채용(재무/자금, IR/공시, 해외영업, 보안, 풍력발전기 개발 및 제어, 기구/기계설계, 웨어(F/W), 장바제어(S/W)등)",https://www.saramin.co.kr/zf_user/jobs/relay/view?view_type=search&rec_idx=49544072&location=ts&searchword=%EA%B0%9C%EB%B0%9C&searchType=search&paid_fl=n&search_uuid=ef460644-300e-4615-89cb-26a354031a8a,경기 용인시 기흥구,신입·경력,대졸↑,정규직,~ 12/22(일),"['기구설계', 'R&D', '회로설계', '백엔드/서버개발', '금형설계 외']",,수정일 24/12/06,0,[]
알디에스(주),알디에스(오뚜기IT자회사) IT (웹)운영개발 사원모집,https://www.saramin.co.kr/zf_user/jobs/relay/view?view_type=search&rec_idx=49540716&location=ts&searchword=%EA%B0%9C%EB%B0%9C&searchType=search&paid_fl=n&search_uuid=ef460644-300e-4615-89cb-26a354031a8a,서울 강남구,신입,대졸↑,정규직,~ 12/22(일),"['웹개발', '백엔드/서버개발', '프론트엔드', '외']","3,800 만원",등록일 24/12/06,0,"['Java', 'C++']"
마인드원(주),소프트웨어 개발 (Java&Python) 신입 및 경력 모집,https://www.saramin.co.kr/zf_user/jobs/relay/view?view_type=search&rec_idx=49559707&location=ts&searchword=%EA%B0%9C%EB%B0%9C&searchType=search&paid_fl=n&search_uuid=ef460644-300e-4615-89cb-26a354031a8a,서울 강남구,신입,대졸↑,정규직,~ 01/09(목),"['앱개발', '웹개발', '유지보수', '솔루션 외']",,수정일 24/12/12,0,['Java']
(주)티오이십일콤즈,2024년 웹 개발 부문 공고,https://www.saramin.co.kr/zf_user/jobs/relay/view?view_type=search&rec_idx=49552352&location=ts&searchword=%EA%B0%9C%EB%B0%9C&searchType=search&paid_fl=n&search_uuid=ef460644-300e-4615-89cb-26a354031a8a,서울 구로구,신입·경력,초대졸↑,정규직,~ 02/07(금),"['웹개발', '퍼블리셔', '백엔드/서버개발', '프론트엔드 외']",,수정일 24/12/09,0,['Java']
(주)인포인,정보보안 솔루션 풀스택 개발자 채용,https://www.saramin.co.kr/zf_user/jobs/relay/view?view_type=search&rec_idx=49568715&location=ts&searchword=%EA%B0%9C%EB%B0%9C&searchType=search&paid_fl=n&search_uuid=ef460644-300e-4615-89cb-26a354031a8a,서울 금천구,신입·경력,초대졸↑,정규직,채용시,"['웹개발', '백엔드/서버개발', '프론트엔드', '유지보수 외']",,등록일 24/12/11,0,['Java']
(주)큐노바,[R&D/제품개발/자금회계] 부문별 신입/경력 채용,https://www.saramin.co.kr/zf_user/jobs/relay/view?view_type=search&rec_idx=49526611&location=ts&searchword=%EA%B0%9C%EB%B0%9C&searchType=search&paid_fl=n&search_uuid=ef460644-300e-4615-89cb-26a354031a8a,대전 유성구,신입·경력,대졸↑,정규직,오늘마감,"['R&D', '알고리즘개발', '기획', '연구원', '프론트엔드 외']",,수정일 24/12/04,0,[]
(주)브로드밴드아이디씨,웹 서비스 개발 채용,https://www.saramin.co.kr/zf_user/jobs/relay/view?view_type=search&rec_idx=49570596&location=ts&searchword=%EA%B0%9C%EB%B0%9C&searchType=search&paid_fl=n&search_uuid=ef460644-300e-4615-89cb-26a354031a8a,경기 성남시 분당구,신입,학력무관,정규직,채용시,"['웹개발', '백엔드/서버개발', 'IDC', 'Linux', '네트웍구축 외']",,수정일 24/12/11,0,[]
부광약품(주),부광약품 연구개발부문 경력 사원 모집,https://www.saramin.co.kr/zf_user/jobs/relay/view?view_type=search&rec_idx=49541338&location=ts&searchword=%EA%B0%9C%EB%B0%9C&searchType=search&paid_fl=n&search_uuid=ef460644-300e-4615-89cb-26a354031a8a,서울 동작구,경력,대졸↑,정규직,~ 12/15(일),"['R&D', '임상개발', 'R&D기획', '연구원', '생명과학 외']",,수정일 24/12/06,0,[]
(주)보령바이오파마,2024년 마케팅PM(유전체검사)/개발2팀(케미컬의약품) 신입 및 경력채용,https://www.saramin.co.kr/zf_user/jobs/relay/view?view_type=search&rec_idx=49570889&location=ts&searchword=%EA%B0%9C%EB%B0%9C&searchType=search&paid_fl=n&search_uuid=ef460644-300e-4615-89cb-26a354031a8a,서울 강동구,신입·경력,대졸↑,정규직,~ 12/22(일),"['기획', '영업관리', '전략기획', '인/허가', '영업MD 외']",,수정일 24/12/11,0,[]
(주)시티건설,[시티건설] 개발사업부 신입 및 경력직 채용,https://www.saramin.co.kr/zf_user/jobs/relay/view?view_type=search&rec_idx=49542184&location=ts&searchword=%EA%B0%9C%EB%B0%9C&searchType=search&paid_fl=n&search_uuid=ef460644-300e-4615-89cb-26a354031a8a,서울 강남구,신입·경력,초대졸↑,정규직,~ 12/15(일),"['도시개발', '부동산', '도시교통', '건축기사', '아파트건축 외']",,수정일 24/12/06,0,[]
티케이지태광(주),[경력/신입] TKG태광 샘플개발팀 기능직 모집,https://www.saramin.co.kr/zf_user/jobs/relay/view?view_type=search&rec_idx=49564725&location=ts&searchword=%EA%B0%9C%EB%B0%9C&searchType=search&paid_fl=n&search_uuid=ef460644-300e-4615-89cb-26a354031a8a,경남 김해시,경력무관,고졸↑,정규직,~ 12/24(화),"['미싱사', '재단사', '절단가공', '제조가공', '레이저가공 외']","9,860 원",등록일 24/12/10,0,[]
에빈코리아(유),경영지원/뷰티상품기획개발/구매개발/해외온라인 아마존MD/영상콘텐츠작가/온라인마케팅/영상제작PD(연출),https://www.saramin.co.kr/zf_user/jobs/relay/view?view_type=search&rec_idx=49496923&location=ts&searchword=%EA%B0%9C%EB%B0%9C&searchType=search&paid_fl=n&search_uuid=ef460644-300e-4615-89cb-26a354031a8a,서울 강남구,신입·경력,학력무관,정규직·인턴직,~ 12/15(일),"['개발구매', '기획', '영업', '사업기획', '사업관리 외']",,수정일 24/12/01,0,[]
(주)하이업엔터테인먼트,[하이업엔터테인먼트] 신인개발팀 채용,https://www.saramin.co.kr/zf_user/jobs/relay/view?view_type=search&rec_idx=49564143&location=ts&searchword=%EA%B0%9C%EB%B0%9C&searchType=search&paid_fl=n&search_uuid=ef460644-300e-4615-89cb-26a354031a8a,서울 마포구,경력무관,학력무관,정규직,채용시,"['인재발굴', '커뮤니티매니저', '기획MD', '브랜드기획', '프로모션기획 외']",,수정일 24/12/10,0,[]
보로노이(주),[보로노이] 신약개발연구소  바이오 연구원 채용,https://www.saramin.co.kr/zf_user/jobs/relay/view?view_type=search&rec_idx=49565617&location=ts&searchword=%EA%B0%9C%EB%B0%9C&searchType=search&paid_fl=n&search_uuid=ef460644-300e-4615-89cb-26a354031a8a,인천 연수구,신입·경력,석사↑,정규직,채용시,"['R&D', '연구원', '생명과학', '제약/바이오', '세포배양 외']",,수정일 24/12/11,0,[]
(주)셀티움,신경질환 신약개발 연구원 채용 공고,https://www.saramin.co.kr/zf_user/jobs/relay/view?view_type=search&rec_idx=49492964&location=ts&searchword=%EA%B0%9C%EB%B0%9C&searchType=search&paid_fl=n&search_uuid=ef460644-300e-4615-89cb-26a354031a8a,경기 수원시 영통구,경력무관,석사↑,정규직,채용시,"['R&D', '임상개발', 'R&D기획', '연구원', '학술연구 외']",,수정일 24/11/29,0,[]
한국알박(주),"PC, PLC Software설계 개발자 채용",https://www.saramin.co.kr/zf_user/jobs/relay/view?view_type=search&rec_idx=49556238&location=ts&searchword=%EA%B0%9C%EB%B0%9C&searchType=search&paid_fl=n&search_uuid=ef460644-300e-4615-89cb-26a354031a8a,경기 평택시,신입·경력,대졸↑,정규직,~ 01/11(토),"['S/W', 'H/W', 'H/W 외']",,등록일 24/12/09,0,"['C++', 'C#']"
현대오토에버(주),[광주] MES시스템 개발/운영,https://www.saramin.co.kr/zf_user/jobs/relay/view?view_type=search&rec_idx=49333801&location=ts&searchword=%EA%B0%9C%EB%B0%9C&searchType=search&paid_fl=n&search_uuid=ef460644-300e-4615-89cb-26a354031a8a,광주전체,경력3년↑,학력무관,정규직,상시채용,"['품질관리', '생산', 'HTML5', 'API 외']",,수정일 24/11/05,0,['Java']
(주)제이오텍,(주)제이오텍 연구개발 부문 신입/경력 채용,https://www.saramin.co.kr/zf_user/jobs/relay/view?view_type=search&rec_idx=49506074&location=ts&searchword=%EA%B0%9C%EB%B0%9C&searchType=search&paid_fl=n&search_uuid=ef460644-300e-4615-89cb-26a354031a8a,대전 유성구,신입·경력,대졸↑,정규직·계약직,~ 12/15(일),"['기구설계', 'R&D', '회로설계', '기획', '연구원 외']",,수정일 24/12/02,0,[]
(주)드림텍,(주)드림텍 2024년 4분기 연구·개발부문 채용,https://www.saramin.co.kr/zf_user/jobs/relay/view?view_type=search&rec_idx=49517493&location=ts&searchword=%EA%B0%9C%EB%B0%9C&searchType=search&paid_fl=n&search_uuid=ef460644-300e-4615-89cb-26a354031a8a,충남 아산시,경력,대졸↑,정규직,~ 12/15(일),"['기구설계', '회로설계', '연구원', 'AutoCAD', '외']",,수정일 24/12/04,0,['C++']
유비벨록스(주),2024년도 분야별 인원모집 (서버개발/시설관리),https://www.saramin.co.kr/zf_user/jobs/relay/view?view_type=search&rec_idx=49559348&location=ts&searchword=%EA%B0%9C%EB%B0%9C&searchType=search&paid_fl=n&search_uuid=ef460644-300e-4615-89cb-26a354031a8a,서울 구로구,신입·경력,고졸↑,정규직,~ 12/31(화),"['SI개발', '백엔드/서버개발', '유지보수', 'script 외']",,수정일 24/12/10,0,['Java']
에스케이쉴더스(주),[SK쉴더스] 시스템 개발/운영 경력직 채용,https://www.saramin.co.kr/zf_user/jobs/relay/view?view_type=search&rec_idx=49563126&location=ts&searchword=%EA%B0%9C%EB%B0%9C&searchType=search&paid_fl=n&search_uuid=ef460644-300e-4615-89cb-26a354031a8a,경기 이천시,경력3년↑,초대졸↑,정규직,~ 12/17(화),"['앱개발', '웹개발', '백엔드/서버개발', '프론트엔드 외']",,수정일 24/12/10,0,['Java']
(주)우리기술,원자력 HW개발/SW개발/철도사업엔지니어/구매생산 분야 채용 모집,https://www.saramin.co.kr/zf_user/jobs/relay/view?view_type=search&rec_idx=49523729&location=ts&searchword=%EA%B0%9C%EB%B0%9C&searchType=search&paid_fl=n&search_uuid=ef460644-300e-4615-89cb-26a354031a8a,서울 마포구,신입·경력,대졸↑,정규직,~ 12/31(화),"['앱개발', 'SI개발', '백엔드/서버개발', 'CAD', '외']",,수정일 24/12/11,0,['Java']
(주)세경하이테크,R&D 연구개발 인재 모집 (BIZ 영어회화 가능자),https://www.saramin.co.kr/zf_user/jobs/relay/view?view_type=search&rec_idx=49387447&location=ts&searchword=%EA%B0%9C%EB%B0%9C&searchType=search&paid_fl=n&search_uuid=ef460644-300e-4615-89cb-26a354031a8a,경기 수원시 권선구,경력,대졸↑,정규직,내일마감,"['부품설계', '제품설계', '기구설계', 'R&D', '알고리즘개발 외']",,수정일 24/11/19,0,[]
(주)더존비즈온,종합병원 EMR 개발 /기획(부산) 채용공고,https://www.saramin.co.kr/zf_user/jobs/relay/view?view_type=search&rec_idx=49392676&location=ts&searchword=%EA%B0%9C%EB%B0%9C&searchType=search&paid_fl=n&search_uuid=ef460644-300e-4615-89cb-26a354031a8a,부산 해운대구,경력,학력무관,정규직,~ 12/22(일),"['앱개발', '웹개발', '백엔드/서버개발', '기획', '외']",,수정일 24/12/03,0,['Java']
인스피언(주),[신입/경력]커넥트 서비스(EDI SaaS) 개발자 및 운영자,https://www.saramin.co.kr/zf_user/jobs/relay/view?view_type=search&rec_idx=49568180&location=ts&searchword=%EA%B0%9C%EB%B0%9C&searchType=search&paid_fl=n&search_uuid=ef460644-300e-4615-89cb-26a354031a8a,서울 금천구,신입·경력,대졸↑,정규직,~ 02/09(일),"['SI개발', '백엔드/서버개발', 'SaaS', '소프트웨어개발']",,등록일 24/12/11,0,[]
㈜모니터랩,[코스닥상장] 웹사이트 Front-end 개발(프론트엔드),https://www.saramin.co.kr/zf_user/jobs/relay/view?view_type=search&rec_idx=49565048&location=ts&searchword=%EA%B0%9C%EB%B0%9C&searchType=search&paid_fl=n&search_uuid=ef460644-300e-4615-89cb-26a354031a8a,서울 구로구,경력무관,학력무관,정규직,~ 01/09(목),"['웹개발', '퍼블리셔', '프론트엔드', '유지보수 외']",,수정일 24/12/11,0,['Java']
대영유비텍(주),"[기술연구소] 2025년 상반기 인재채용(사업관리, S/W개발분야)",https://www.saramin.co.kr/zf_user/jobs/relay/view?view_type=search&rec_idx=49566878&location=ts&searchword=%EA%B0%9C%EB%B0%9C&searchType=search&paid_fl=n&search_uuid=ef460644-300e-4615-89cb-26a354031a8a,경기 성남시 수정구,신입·경력,대졸↑,정규직,채용시,"['SI개발', '백엔드/서버개발', 'script', '외']",,등록일 24/12/11,0,"['Java', 'Spring']"
(주)바텍,[바텍] 인프라(시스템 엔지니어) 개발자,https://www.saramin.co.kr/zf_user/jobs/relay/view?view_type=search&rec_idx=49569044&location=ts&searchword=%EA%B0%9C%EB%B0%9C&searchType=search&paid_fl=n&search_uuid=ef460644-300e-4615-89cb-26a354031a8a,경기전체,신입·경력,대졸↑,정규직,~ 01/13(월),"['웹개발', '백엔드/서버개발', '유지보수', 'SE(시스템엔지니어) 외']",,수정일 24/12/12,0,['AWS']
(주)파이오링크,"[코스닥 상장사] Linux,Python,Java,Api 개발자 모집(신입/경력)",https://www.saramin.co.kr/zf_user/jobs/relay/view?view_type=search&rec_idx=49458119&location=ts&searchword=%EA%B0%9C%EB%B0%9C&searchType=search&paid_fl=n&search_uuid=ef460644-300e-4615-89cb-26a354031a8a,서울 금천구,신입·경력,초대졸↑,정규직,~ 12/31(화),"['백엔드/서버개발', '프론트엔드', '솔루션 외']",,수정일 24/11/25,0,"['Java', 'C++']"
(주)진코퍼레이션,"2024-3차) java, jsp, Nexacro 웹개발자 채용",https://www.saramin.co.kr/zf_user/jobs/relay/view?view_type=search&rec_idx=49489958&location=ts&searchword=%EA%B0%9C%EB%B0%9C&searchType=search&paid_fl=n&search_uuid=ef460644-300e-4615-89cb-26a354031a8a,서울 금천구,신입·경력,초대졸↑,정규직,~ 01/27(월),"['웹개발', '백엔드/서버개발', '프론트엔드', 'OracleDB 외']",,등록일 24/11/28,0,['Java']
(주)엠플러스,SW개발팀 신입 채용,https://www.saramin.co.kr/zf_user/jobs/relay/view?view_type=search&rec_idx=49509845&location=ts&searchword=%EA%B0%9C%EB%B0%9C&searchType=search&paid_fl=n&search_uuid=ef460644-300e-4615-89cb-26a354031a8a,경기 수원시 권선구,신입,대졸↑,정규직,~ 12/31(화),"['R&D', '알고리즘개발', '솔루션', '외']",,수정일 24/12/02,0,"['Python', 'C++']"
(주)데이터유니버스,[신입/경력] Backend 개발자 채용,https://www.saramin.co.kr/zf_user/jobs/relay/view?view_type=search&rec_idx=49460689&location=ts&searchword=%EA%B0%9C%EB%B0%9C&searchType=search&paid_fl=n&search_uuid=ef460644-300e-4615-89cb-26a354031a8a,서울 영등포구,경력무관,대졸↑,정규직·계약직,상시채용,"['백엔드/서버개발', 'Linux', 'My', '빅데이터', '인프라 외']",,등록일 24/11/25,0,['SQL']
넛지헬스케어(주),[넛지헬스케어] 백엔드개발 채용전환형 인턴,https://www.saramin.co.kr/zf_user/jobs/relay/view?view_type=search&rec_idx=49523378&location=ts&searchword=%EA%B0%9C%EB%B0%9C&searchType=search&paid_fl=n&search_uuid=ef460644-300e-4615-89cb-26a354031a8a,서울 강남구,신입,학력무관,인턴직,~ 02/02(일),"['앱개발', '웹개발', '백엔드/서버개발', '프론트엔드 외']",,등록일 24/12/04,0,['Java']
(주)이썸테크,금융 IT SI개발/솔루션 유지관리/기술지원,https://www.saramin.co.kr/zf_user/jobs/relay/view?view_type=search&rec_idx=49554214&location=ts&searchword=%EA%B0%9C%EB%B0%9C&searchType=search&paid_fl=n&search_uuid=ef460644-300e-4615-89cb-26a354031a8a,서울 강남구,신입,대졸↑,정규직,~ 12/18(수),"['SI개발', '유지보수', '솔루션 외']",,등록일 24/12/09,0,"['Java', 'C++']"
(주)디리아,금융솔루션 개발자 채용 (신입/경력),https://www.saramin.co.kr/zf_user/jobs/relay/view?view_type=search&rec_idx=49429606&location=ts&searchword=%EA%B0%9C%EB%B0%9C&searchType=search&paid_fl=n&search_uuid=ef460644-300e-4615-89cb-26a354031a8a,서울 서초구,신입·경력,대졸↑,정규직,채용시,"['백엔드/서버개발', '유지보수', 'script', '솔루션 외']",,등록일 24/11/19,0,['Java']
크리니티(주),[개발자 채용] 서비스 개발 및 운영,https://www.saramin.co.kr/zf_user/jobs/relay/view?view_type=search&rec_idx=49445917&location=ts&searchword=%EA%B0%9C%EB%B0%9C&searchType=search&paid_fl=n&search_uuid=ef460644-300e-4615-89cb-26a354031a8a,서울 금천구,신입·경력,초대졸↑,정규직,~ 12/21(토),"['웹개발', '백엔드/서버개발', '프론트엔드', '유지보수 외']",,수정일 24/11/21,0,['Java']
알서포트(주),[코스닥 상장사] 웹 프론트엔드 개발자 채용 (장애인채용),https://www.saramin.co.kr/zf_user/jobs/relay/view?view_type=search&rec_idx=49462614&location=ts&searchword=%EA%B0%9C%EB%B0%9C&searchType=search&paid_fl=n&search_uuid=ef460644-300e-4615-89cb-26a354031a8a,서울 강동구,경력무관,학력무관,계약직,~ 12/16(월),"['웹개발', '퍼블리셔', '프론트엔드', '유지보수 외']",,등록일 24/11/25,0,['Java']
(주)케이지모빌리언스,"[KG모빌리언스] JAVA 웹, 응용 서비스 개발 및 운영 담당",https://www.saramin.co.kr/zf_user/jobs/relay/view?view_type=search&rec_idx=49496304&location=ts&searchword=%EA%B0%9C%EB%B0%9C&searchType=search&paid_fl=n&search_uuid=64540d02-51fa-487f-9581-7b7cc263e206,서울 중구,신입·경력,학력무관,정규직,~ 12/29(일),"['웹개발', 'script', 'CSS 외']",,수정일 24/12/03,0,"['Java', 'Spring']"
(주)엑셈,Golang Agent 개발자(신입/~3년 이하),https://www.saramin.co.kr/zf_user/jobs/relay/view?view_type=search&rec_idx=49562907&location=ts&searchword=%EA%B0%9C%EB%B0%9C&searchType=search&paid_fl=n&search_uuid=64540d02-51fa-487f-9581-7b7cc263e206,서울 강서구,신입·경력,학력무관,정규직,~ 01/09(목),"['웹개발', '백엔드/서버개발', '솔루션', 'SE(시스템엔지니어) 외']",,등록일 24/12/10,0,['C++']
(주)기가레인,(주)기가레인 시스템팀 S/W 개발 경력 채용,https://www.saramin.co.kr/zf_user/jobs/relay/view?view_type=search&rec_idx=49566472&location=ts&searchword=%EA%B0%9C%EB%B0%9C&searchType=search&paid_fl=n&search_uuid=64540d02-51fa-487f-9581-7b7cc263e206,경기 성남시 분당구,경력무관,대졸↑,정규직,~ 01/10(금),"['S/W', '임베디드', 'C언어', 'Linux 외']",,등록일 24/12/11,0,['C++']
삼정KPMG,[삼정KPMG] ITS 웹프로그램 신입 개발자 채용,https://www.saramin.co.kr/zf_user/jobs/relay/view?view_type=search&rec_idx=49575754&location=ts&searchword=%EA%B0%9C%EB%B0%9C&searchType=search&paid_fl=n&search_uuid=64540d02-51fa-487f-9581-7b7cc263e206,서울 강남구,신입·경력,대졸↑,계약직,~ 12/31(화),"['웹개발', '유지보수', '정보통신 외']",,등록일 24/12/12,0,"['Java', 'Spring']"
㈜타이호인스트,웹개발자 신입사원 채용,https://www.saramin.co.kr/zf_user/jobs/relay/view?view_type=search&rec_idx=49575785&location=ts&searchword=%EA%B0%9C%EB%B0%9C&searchType=search&paid_fl=n&search_uuid=64540d02-51fa-487f-9581-7b7cc263e206,서울 구로구,신입,대졸↑,정규직,~ 12/26(목),"['웹개발', 'SI개발', '백엔드/서버개발', '프론트엔드 외']",,등록일 24/12/12,0,['Java']
(주)테크리치코리아,IT 개발 업무 담당자 채용,https://www.saramin.co.kr/zf_user/jobs/relay/view?view_type=search&rec_idx=49456872&location=ts&searchword=%EA%B0%9C%EB%B0%9C&searchType=search&paid_fl=n&search_uuid=64540d02-51fa-487f-9581-7b7cc263e206,경기 하남시,경력무관,초대졸↑,정규직,~ 12/23(월),"['백엔드/서버개발', 'SE(시스템엔지니어)', '네트워크', 'SAP 외']",,수정일 24/12/01,0,['Java']
(주)타임교육,[신입/경력]강사/학생용 소프트웨어 자바 개발자 모집,https://www.saramin.co.kr/zf_user/jobs/relay/view?view_type=search&rec_idx=49536929&location=ts&searchword=%EA%B0%9C%EB%B0%9C&searchType=search&paid_fl=n&search_uuid=64540d02-51fa-487f-9581-7b7cc263e206,서울 강남구,경력무관,초대졸↑,정규직,~ 02/03(월),"['웹개발', 'Ajax', 'Eclipse 외']",,수정일 24/12/05,0,"['Java', 'Spring']"
(주)디지털다임,[디지털다임]  웹개발(Spring boot) 부문 경력 채용(5년 이상),https://www.saramin.co.kr/zf_user/jobs/relay/view?view_type=search&rec_idx=49533148&location=ts&searchword=%EA%B0%9C%EB%B0%9C&searchType=search&paid_fl=n&search_uuid=64540d02-51fa-487f-9581-7b7cc263e206,서울 용산구,신입·경력,대졸↑,정규직,~ 12/20(금),"['웹개발', '백엔드/서버개발', '프론트엔드', '외']",,수정일 24/12/06,0,"['Java', 'Spring']"
애니모션텍(주),전산팀 프론트엔드 개발자 모집 (3년미만),https://www.saramin.co.kr/zf_user/jobs/relay/view?view_type=search&rec_idx=49568589&location=ts&searchword=%EA%B0%9C%EB%B0%9C&searchType=search&paid_fl=n&search_uuid=64540d02-51fa-487f-9581-7b7cc263e206,인천전체,신입·경력,학력무관,정규직,~ 01/13(월),"['웹개발', '퍼블리셔', '프론트엔드', 'script', '외']",,등록일 24/12/11,0,"['Java', 'React']"
이케이 주식회사,"[4.5일 자율근무] 웹개발(JAVA, LARAVEL, Vue 등) 채용",https://www.saramin.co.kr/zf_user/jobs/relay/view?view_type=search&rec_idx=49329505&location=ts&searchword=%EA%B0%9C%EB%B0%9C&searchType=search&paid_fl=n&search_uuid=64540d02-51fa-487f-9581-7b7cc263e206,경기 용인시 기흥구,신입·경력,학력무관,정규직,채용시,"['앱개발', '웹개발', '프론트엔드', 'Android 외']",,수정일 24/11/26,0,['Java']
(주)씨아이템프러리,현대카드 본사 CLCC개발팀 직원채용/IT/개발/데이터추출 등,https://www.saramin.co.kr/zf_user/jobs/relay/view?view_type=search&rec_idx=49528952&location=ts&searchword=%EA%B0%9C%EB%B0%9C&searchType=search&paid_fl=n&search_uuid=64540d02-51fa-487f-9581-7b7cc263e206,서울 영등포구,경력무관,학력무관,계약직,~ 01/03(금),"['앱개발', '웹개발', '백엔드/서버개발', '프론트엔드 외']",,등록일 24/12/04,0,['Java']
주식회사 대륜,[상시채용] 서울 개발팀 각 부문별 계약직 채용,https://www.saramin.co.kr/zf_user/jobs/relay/view?view_type=search&rec_idx=49535310&location=ts&searchword=%EA%B0%9C%EB%B0%9C&searchType=search&paid_fl=n&search_uuid=64540d02-51fa-487f-9581-7b7cc263e206,서울 영등포구,경력무관,대졸↑,계약직,상시채용,"['앱개발', '웹개발', '백엔드/서버개발', '프론트엔드', 'script 외']",,수정일 24/12/11,0,['Java']
(주)포인트모바일,모바일 결제 솔루션 개발자 신입/경력 채용,https://www.saramin.co.kr/zf_user/jobs/relay/view?view_type=search&rec_idx=49555466&location=ts&searchword=%EA%B0%9C%EB%B0%9C&searchType=search&paid_fl=n&search_uuid=64540d02-51fa-487f-9581-7b7cc263e206,서울 금천구,신입·경력,대졸↑,정규직,~ 01/08(수),"['앱개발', '프론트엔드', 'Android', '외']",,수정일 24/12/09,0,"['Java', 'C++']"
미스터블루(주),"프론트엔드 개발자 (TypeScript, React)",https://www.saramin.co.kr/zf_user/jobs/relay/view?view_type=search&rec_idx=49566924&location=ts&searchword=%EA%B0%9C%EB%B0%9C&searchType=search&paid_fl=n&search_uuid=64540d02-51fa-487f-9581-7b7cc263e206,서울 강서구,경력 2~6년,대졸↑,정규직,~ 01/09(목),"['웹개발', '퍼블리셔', '백엔드/서버개발', '프론트엔드', 'script 외']",,등록일 24/12/11,0,['Java']
(주)사조시스템즈,"IT 운영/개발 담당자 채용의 건(JAVA, ASP.NET)",https://www.saramin.co.kr/zf_user/jobs/relay/view?view_type=search&rec_idx=49534727&location=ts&searchword=%EA%B0%9C%EB%B0%9C&searchType=search&paid_fl=n&search_uuid=64540d02-51fa-487f-9581-7b7cc263e206,서울 서대문구,신입·경력,대졸↑,정규직,~ 12/15(일),"['웹개발', 'script', '외']",,수정일 24/12/06,0,"['Java', 'C++', 'Spring']"
(주)데이터로드,금융시장의 미래를 설계하는 데이터로드 신입/경력 개발자 모집,https://www.saramin.co.kr/zf_user/jobs/relay/view?view_type=search&rec_idx=49553992&location=ts&searchword=%EA%B0%9C%EB%B0%9C&searchType=search&paid_fl=n&search_uuid=64540d02-51fa-487f-9581-7b7cc263e206,서울 영등포구,신입·경력,대졸↑,정규직,~ 12/23(월),"['앱개발', '웹개발', '유지보수', '외']",,수정일 24/12/09,0,"['Java', 'C++']"
(주)한국이엠에스,[정규직/취업축하금] 반도체 검사 장비 개발 및 기술 사원 모집,https://www.saramin.co.kr/zf_user/jobs/relay/view?view_type=search&rec_idx=49523457&location=ts&searchword=%EA%B0%9C%EB%B0%9C&searchType=search&paid_fl=n&search_uuid=64540d02-51fa-487f-9581-7b7cc263e206,충남 천안시 서북구,신입·경력,초대졸↑,정규직,~ 01/03(금),"['제품설계', '품질관리', '생산', '기계설계', 'AutoCAD 외']",,등록일 24/12/04,0,[]
(주)에이아이매틱스,연구개발(알고리즘개발 /소프트웨어개발) 담당자 채용,https://www.saramin.co.kr/zf_user/jobs/relay/view?view_type=search&rec_idx=49568758&location=ts&searchword=%EA%B0%9C%EB%B0%9C&searchType=search&paid_fl=n&search_uuid=64540d02-51fa-487f-9581-7b7cc263e206,경기 성남시 분당구,신입·경력,초대졸↑,정규직,~ 01/10(금),"['웹개발', '퍼블리셔', '백엔드/서버개발', '프론트엔드', '유지보수 외']",,수정일 24/12/11,0,[]
이에스이(주),JAVA 개발자 신입 채용,https://www.saramin.co.kr/zf_user/jobs/relay/view?view_type=search&rec_idx=49446587&location=ts&searchword=%EA%B0%9C%EB%B0%9C&searchType=search&paid_fl=n&search_uuid=64540d02-51fa-487f-9581-7b7cc263e206,경기 성남시 분당구,신입,초대졸↑,정규직,~ 01/20(월),"['웹개발', 'script', '외']",,등록일 24/11/21,0,"['Java', 'React', 'Spring']"
(주)한우리아이티,백엔드(승인) 개발자,https://www.saramin.co.kr/zf_user/jobs/relay/view?view_type=search&rec_idx=49468186&location=ts&searchword=%EA%B0%9C%EB%B0%9C&searchType=search&paid_fl=n&search_uuid=64540d02-51fa-487f-9581-7b7cc263e206,서울 강서구,신입·경력,학력무관,정규직,내일마감,"['웹개발', '백엔드/서버개발', '유지보수', '외']",,등록일 24/11/25,0,"['Java', 'C++']"
(주)리드포인트시스템,"리드포인트시스템 [서울] JAVA 개발 모집 (신입,경력)",https://www.saramin.co.kr/zf_user/jobs/relay/view?view_type=search&rec_idx=49259674&location=ts&searchword=%EA%B0%9C%EB%B0%9C&searchType=search&paid_fl=n&search_uuid=64540d02-51fa-487f-9581-7b7cc263e206,서울 마포구,신입·경력,대졸↑,정규직,~ 12/23(월),"['웹개발', '백엔드/서버개발', '프론트엔드', '외']",,등록일 24/10/24,0,"['Java', 'Spring']"
(주)이트리즈시스템,JAVA 기반 웹 개발자(SI/SM) 신입 채용,https://www.saramin.co.kr/zf_user/jobs/relay/view?view_type=search&rec_idx=49525748&location=ts&searchword=%EA%B0%9C%EB%B0%9C&searchType=search&paid_fl=n&search_uuid=64540d02-51fa-487f-9581-7b7cc263e206,서울 구로구,신입,고졸↑,정규직,채용시,"['웹개발', '백엔드/서버개발', '프론트엔드', '솔루션 외']",,등록일 24/12/04,0,['Java']
(주)피플앤드테크놀러지,[피플앤드테크놀러지] 모바일팀 백앤드 개발자 채용,https://www.saramin.co.kr/zf_user/jobs/relay/view?view_type=search&rec_idx=49555549&location=ts&searchword=%EA%B0%9C%EB%B0%9C&searchType=search&paid_fl=n&search_uuid=64540d02-51fa-487f-9581-7b7cc263e206,서울 강남구,신입·경력,초대졸↑,정규직,~ 02/07(금),"['SI개발', '백엔드/서버개발', '유지보수', 'API 외']",,수정일 24/12/10,0,['Spring']
이데아텍(주),[신입] 플랫폼 운영/개발 담당자 채용,https://www.saramin.co.kr/zf_user/jobs/relay/view?view_type=search&rec_idx=49560477&location=ts&searchword=%EA%B0%9C%EB%B0%9C&searchType=search&paid_fl=n&search_uuid=64540d02-51fa-487f-9581-7b7cc263e206,서울 강남구,신입,학력무관,정규직,~ 02/08(토),"['앱개발', '웹개발', 'SI개발', 'script 외']",,수정일 24/12/10,0,['Java']
주식회사 아이티엘,웹 프론트엔드 개발자 채용 (신입/경력 모집),https://www.saramin.co.kr/zf_user/jobs/relay/view?view_type=search&rec_idx=49215350&location=ts&searchword=%EA%B0%9C%EB%B0%9C&searchType=search&paid_fl=n&search_uuid=64540d02-51fa-487f-9581-7b7cc263e206,서울 서초구,경력무관,학력무관,정규직,채용시,"['백엔드/서버개발', '프론트엔드', 'CSS', 'HTML 외']",,수정일 24/10/17,0,['React']
(주)맑은소프트,웹개발/솔루션개발/이러닝시스템개발 신입/경력직 채용,https://www.saramin.co.kr/zf_user/jobs/relay/view?view_type=search&rec_idx=49499388&location=ts&searchword=%EA%B0%9C%EB%B0%9C&searchType=search&paid_fl=n&search_uuid=64540d02-51fa-487f-9581-7b7cc263e206,서울 구로구,경력무관,초대졸↑,정규직,~ 12/31(화),"['웹개발', '퍼블리셔', '백엔드/서버개발', '프론트엔드 외']","3,400 만원",수정일 24/11/29,0,['Java']
주식회사 심플비트,[신입 및 경력] SW개발자 및 퍼블리셔 채용,https://www.saramin.co.kr/zf_user/jobs/relay/view?view_type=search&rec_idx=49552714&location=ts&searchword=%EA%B0%9C%EB%B0%9C&searchType=search&paid_fl=n&search_uuid=64540d02-51fa-487f-9581-7b7cc263e206,경기 성남시 중원구,경력무관,초대졸↑,정규직,~ 01/08(수),"['앱개발', '웹개발', '퍼블리셔', '프론트엔드 외']",,수정일 24/12/09,0,['Java']
에트넷,[웹개발] UI/웹 개발자 모집,https://www.saramin.co.kr/zf_user/jobs/relay/view?view_type=search&rec_idx=49560071&location=ts&searchword=%EA%B0%9C%EB%B0%9C&searchType=search&paid_fl=n&search_uuid=64540d02-51fa-487f-9581-7b7cc263e206,대전 유성구,신입·경력,초대졸↑,정규직·프리랜서,~ 12/16(월),"['웹개발', '유지보수', 'ASP 외']",,등록일 24/12/10,0,"['Java', 'Spring']"
(주)맑은샘파트너스,[신입] 웹 및 소프트웨어 개발자 채용 (센텀),https://www.saramin.co.kr/zf_user/jobs/relay/view?view_type=search&rec_idx=49566530&location=ts&searchword=%EA%B0%9C%EB%B0%9C&searchType=search&paid_fl=n&search_uuid=64540d02-51fa-487f-9581-7b7cc263e206,부산 해운대구,신입,대졸↑,정규직,~ 02/09(일),"['앱개발', '웹개발', 'HTML 외']","3,000 만원",등록일 24/12/11,0,"['C++', 'C#']"
주식회사 에즈웰,에즈웰 신입/경력 웹 개발자 모집,https://www.saramin.co.kr/zf_user/jobs/relay/view?view_type=search&rec_idx=49568966&location=ts&searchword=%EA%B0%9C%EB%B0%9C&searchType=search&paid_fl=n&search_uuid=64540d02-51fa-487f-9581-7b7cc263e206,대전 유성구,신입·경력,초대졸↑,정규직,~ 01/10(금),"['웹개발', 'script', '솔루션', '모델링 외']",,등록일 24/12/11,0,"['Java', 'Spring']"
(주)소프트퍼즐,소프트퍼즐 웹 신입 개발자 채용,https://www.saramin.co.kr/zf_user/jobs/relay/view?view_type=search&rec_idx=49422122&location=ts&searchword=%EA%B0%9C%EB%B0%9C&searchType=search&paid_fl=n&search_uuid=64540d02-51fa-487f-9581-7b7cc263e206,서울 금천구,신입,대졸↑,정규직,~ 12/31(화),"['웹개발', 'MS', 'My 외']",,수정일 24/11/18,0,"['Java', 'React', 'SQL']"
(주)레디엔터테인먼트,"전사 프로그램 개발자(프론트엔드,내근,Vue3,마크업)",https://www.saramin.co.kr/zf_user/jobs/relay/view?view_type=search&rec_idx=49529685&location=ts&searchword=%EA%B0%9C%EB%B0%9C&searchType=search&paid_fl=n&search_uuid=64540d02-51fa-487f-9581-7b7cc263e206,서울 강남구,경력무관,학력무관,정규직,~ 12/31(화),"['웹개발', '프론트엔드', '유지보수', 'script', 'TypeScript 외']",,등록일 24/12/04,0,['Java']
(주)매그파이소프트,웹 개발자 채용(신입/경력),https://www.saramin.co.kr/zf_user/jobs/relay/view?view_type=search&rec_idx=49533882&location=ts&searchword=%EA%B0%9C%EB%B0%9C&searchType=search&paid_fl=n&search_uuid=64540d02-51fa-487f-9581-7b7cc263e206,대전 중구,경력무관,대졸↑,정규직,~ 01/04(토),"['웹개발', '개발PM', '백엔드/서버개발', '프론트엔드 외']",,수정일 24/12/05,0,['Java']
(주)아이오티플렉스,(기업부설연구소)웹&모바일 솔루션 개발자 모집,https://www.saramin.co.kr/zf_user/jobs/relay/view?view_type=search&rec_idx=49548561&location=ts&searchword=%EA%B0%9C%EB%B0%9C&searchType=search&paid_fl=n&search_uuid=64540d02-51fa-487f-9581-7b7cc263e206,부산 해운대구,경력1년↑,대졸↑,정규직,~ 01/08(수),"['앱개발', '웹개발', '개발PM', '백엔드/서버개발', '외']",,등록일 24/12/09,0,['Java']
㈜리버트론,[정규직] 소프트웨어 개발,https://www.saramin.co.kr/zf_user/jobs/relay/view?view_type=search&rec_idx=49505366&location=ts&searchword=%EA%B0%9C%EB%B0%9C&searchType=search&paid_fl=n&search_uuid=64540d02-51fa-487f-9581-7b7cc263e206,서울 영등포구,경력무관,대졸↑,정규직,~ 12/31(화),"['백엔드/서버개발', '프론트엔드', '유지보수', '외']",,등록일 24/12/02,0,"['Python', 'C++']"
(주)아이타이쿤,2024년 하반기 아이타이쿤 개발자 채용(신입),https://www.saramin.co.kr/zf_user/jobs/relay/view?view_type=search&rec_idx=49571964&location=ts&searchword=%EA%B0%9C%EB%B0%9C&searchType=search&paid_fl=n&search_uuid=64540d02-51fa-487f-9581-7b7cc263e206,서울 서초구,신입,대졸↑,정규직,~ 02/09(일),"['웹개발', 'SI개발', '소프트웨어개발']",,등록일 24/12/11,0,"['React', 'Spring']"
(주)리딩플러스,(리딩플러스) IT팀 전산개발 및 운영직원 채용,https://www.saramin.co.kr/zf_user/jobs/relay/view?view_type=search&rec_idx=49566638&location=ts&searchword=%EA%B0%9C%EB%B0%9C&searchType=search&paid_fl=n&search_uuid=64540d02-51fa-487f-9581-7b7cc263e206,서울 영등포구,경력 3~5년,초대졸↑,정규직,~ 01/10(금),"['웹개발', '프론트엔드', '유지보수', 'script 외']",,수정일 24/12/12,0,['Java']
(주)유니텍,[유니텍] 국방사업 소프트웨어(C++/C#)  개발자 채용,https://www.saramin.co.kr/zf_user/jobs/relay/view?view_type=search&rec_idx=49412219&location=ts&searchword=%EA%B0%9C%EB%B0%9C&searchType=search&paid_fl=n&search_uuid=64540d02-51fa-487f-9581-7b7cc263e206,경기 안양시 동안구,경력무관,학력무관,정규직,~ 12/16(월),"['백엔드/서버개발', '프론트엔드', '유지보수', '솔루션 외']",,수정일 24/12/12,0,['C++']
(주)마크클라우드,"AI 개발(Python), 데이터분석 및 사업 기획 모집",https://www.saramin.co.kr/zf_user/jobs/relay/view?view_type=search&rec_idx=49441156&location=ts&searchword=%EA%B0%9C%EB%B0%9C&searchType=search&paid_fl=n&search_uuid=64540d02-51fa-487f-9581-7b7cc263e206,서울 강남구,신입·경력,대졸↑,정규직,~ 12/20(금),"['기획', '사업기획', '딥러닝', '데이터분석가 외']",,수정일 24/12/09,0,['Python']
(주)아이이에스지,백엔드 개발자 Backend Developer (전환형 인턴),https://www.saramin.co.kr/zf_user/jobs/relay/view?view_type=search&rec_idx=49483778&location=ts&searchword=%EA%B0%9C%EB%B0%9C&searchType=search&paid_fl=n&search_uuid=64540d02-51fa-487f-9581-7b7cc263e206,서울 용산구,신입,학력무관,인턴직,~ 12/20(금),"['백엔드/서버개발', '솔루션', '외']",,수정일 24/11/27,0,"['Java', 'Spring', 'AWS']"
바이엇(주),[프론트엔드] 글로벌 웹개발자 신입 채용,https://www.saramin.co.kr/zf_user/jobs/relay/view?view_type=search&rec_idx=49497308&location=ts&searchword=%EA%B0%9C%EB%B0%9C&searchType=search&paid_fl=n&search_uuid=647e565a-85ec-4a67-8f5f-3c441ae0d27d,서울 구로구,신입,초대졸↑,정규직,~ 12/29(일),"['웹개발', '퍼블리셔', '백엔드/서버개발', '프론트엔드', '유지보수 외']",,등록일 24/11/29,0,[]
(주)마크클라우드,"AI 개발(Python), 데이터분석 및 사업 기획 모집(인턴)",https://www.saramin.co.kr/zf_user/jobs/relay/view?view_type=search&rec_idx=49551418&location=ts&searchword=%EA%B0%9C%EB%B0%9C&searchType=search&paid_fl=n&search_uuid=647e565a-85ec-4a67-8f5f-3c441ae0d27d,서울 강남구,경력무관,대졸↑,인턴직,~ 02/07(금),"['기획', '사업기획', '딥러닝', '데이터분석가 외']",,등록일 24/12/09,0,['Python']
(주)로보케어,[로보케어] 웹시스템 운영 및 개발자 채용,https://www.saramin.co.kr/zf_user/jobs/relay/view?view_type=search&rec_idx=49569215&location=ts&searchword=%EA%B0%9C%EB%B0%9C&searchType=search&paid_fl=n&search_uuid=647e565a-85ec-4a67-8f5f-3c441ae0d27d,경기 화성시,신입·경력,초대졸↑,정규직,~ 01/10(금),"['ICT컨설팅', 'ISMS', 'PLM', '기계 외']",,수정일 24/12/12,0,['Java']
(주)레이크머티리얼즈,전산시스템 개발ㆍ운영 관리자 신입/경력 채용,https://www.saramin.co.kr/zf_user/jobs/relay/view?view_type=search&rec_idx=49440040&location=ts&searchword=%EA%B0%9C%EB%B0%9C&searchType=search&paid_fl=n&search_uuid=647e565a-85ec-4a67-8f5f-3c441ae0d27d,세종특별자치시,신입·경력,대졸↑,정규직,~ 12/20(금),"['개발PM', '백엔드/서버개발', '유지보수', 'S/W', '기술지원 외']",,수정일 24/11/21,0,[]
중앙일보(주),[중앙일보] 플랫폼개발팀 백엔드개발 경력 채용,https://www.saramin.co.kr/zf_user/jobs/relay/view?view_type=search&rec_idx=49511300&location=ts&searchword=%EA%B0%9C%EB%B0%9C&searchType=search&paid_fl=n&search_uuid=647e565a-85ec-4a67-8f5f-3c441ae0d27d,서울 마포구,경력 3~10년,대졸↑,정규직,~ 12/15(일),"['웹개발', '백엔드/서버개발', '유지보수', 'script 외']",,수정일 24/12/02,0,['Java']
잇솔루션(주),프론트엔드 개발자 주니어 채용,https://www.saramin.co.kr/zf_user/jobs/relay/view?view_type=search&rec_idx=49518321&location=ts&searchword=%EA%B0%9C%EB%B0%9C&searchType=search&paid_fl=n&search_uuid=647e565a-85ec-4a67-8f5f-3c441ae0d27d,서울 강남구,신입·경력,고졸↑,정규직,~ 01/01(수),"['프론트엔드', '유지보수', 'script', '솔루션 외']",,수정일 24/12/03,0,['Java']
피씨엔오티(주),PLC제어/CS • 전장 제작 • 전장 설계 • S/W 개발자 채용,https://www.saramin.co.kr/zf_user/jobs/relay/view?view_type=search&rec_idx=48982370&location=ts&searchword=%EA%B0%9C%EB%B0%9C&searchType=search&paid_fl=n&search_uuid=647e565a-85ec-4a67-8f5f-3c441ae0d27d,경기 화성시,신입·경력,고졸↑,정규직,~ 12/18(수),"['R&D', '알고리즘개발', '회로설계', 'HRD', '개발구매 외']",,수정일 24/12/02,0,[]
(주)인티그리트,"[지능형 로보틱스 플랫폼] AI 플랫폼,디바이스S/W, 펌웨어 개발",https://www.saramin.co.kr/zf_user/jobs/relay/view?view_type=search&rec_idx=49556133&location=ts&searchword=%EA%B0%9C%EB%B0%9C&searchType=search&paid_fl=n&search_uuid=647e565a-85ec-4a67-8f5f-3c441ae0d27d,서울 강남구,경력무관,학력무관,정규직,~ 01/08(수),"['Android', 'iOS', '솔루션', '외']",,등록일 24/12/09,0,"['C++', 'AWS']"
(사)한국아이씨티기술협회,[국비무료IT취업]자바파이썬/웹개발/빅데이터/인공지능,https://www.saramin.co.kr/zf_user/jobs/relay/view?view_type=search&rec_idx=49333137&location=ts&searchword=%EA%B0%9C%EB%B0%9C&searchType=search&paid_fl=n&search_uuid=647e565a-85ec-4a67-8f5f-3c441ae0d27d,서울전체,경력무관,학력무관,교육생,~ 12/16(월),"['앱개발', '웹개발', 'SI개발', '퍼블리셔', '백엔드/서버개발 외']",,수정일 24/12/09,0,[]
법무법인와이케이,[국내TOP7로펌/법무법인YK] 강남본사 프론트엔드/ 백엔드 개발담당자 채용,https://www.saramin.co.kr/zf_user/jobs/relay/view?view_type=search&rec_idx=49445132&location=ts&searchword=%EA%B0%9C%EB%B0%9C&searchType=search&paid_fl=n&search_uuid=647e565a-85ec-4a67-8f5f-3c441ae0d27d,서울 강남구,신입·경력,학력무관,정규직,~ 12/20(금),"['앱개발', '웹개발', '백엔드/서버개발', '프론트엔드 외']",,수정일 24/11/21,0,['Java']
마키타엔지니어링코리아(주),Software/Hardware개발연구원 모집,https://www.saramin.co.kr/zf_user/jobs/relay/view?view_type=search&rec_idx=49496173&location=ts&searchword=%EA%B0%9C%EB%B0%9C&searchType=search&paid_fl=n&search_uuid=647e565a-85ec-4a67-8f5f-3c441ae0d27d,서울 강남구,경력,학력무관,정규직,~ 12/16(월),"['기구설계', 'R&D', '알고리즘개발', '회로설계', '연구원 외']",,수정일 24/12/12,0,[]
(주)티젠소프트,"[2024년 개발팀 공채] JAVA, JSP 개발자 신입,경력 모집",https://www.saramin.co.kr/zf_user/jobs/relay/view?view_type=search&rec_idx=49245788&location=ts&searchword=%EA%B0%9C%EB%B0%9C&searchType=search&paid_fl=n&search_uuid=647e565a-85ec-4a67-8f5f-3c441ae0d27d,서울 금천구,경력무관,초대졸↑,정규직,~ 12/21(토),"['유지보수', '솔루션', 'JSP 외']",,수정일 24/10/22,0,"['Java', 'Spring']"
(주)페이타랩,"[패스오더] 웹 프론트엔드 개발자 (JavaScript, React) (병역특례/산업기능요원/보충역/전직) (신입~10년 이하)",https://www.saramin.co.kr/zf_user/jobs/relay/view?view_type=search&rec_idx=49537254&location=ts&searchword=%EA%B0%9C%EB%B0%9C&searchType=search&paid_fl=n&search_uuid=647e565a-85ec-4a67-8f5f-3c441ae0d27d,서울 강남구,신입·경력,학력무관,정규직,~ 01/03(금),"['웹개발', '백엔드/서버개발', '프론트엔드', 'script', '외']",,등록일 24/12/05,0,"['Java', 'React']"
(주)나래트랜드,2024년 S/W 개발자(데이터엔지니어) 정규직 채용,https://www.saramin.co.kr/zf_user/jobs/relay/view?view_type=search&rec_idx=49566873&location=ts&searchword=%EA%B0%9C%EB%B0%9C&searchType=search&paid_fl=n&search_uuid=647e565a-85ec-4a67-8f5f-3c441ae0d27d,경기 부천시 원미구,경력무관,대졸↑,정규직,~ 01/10(금),"['앱개발', '웹개발', '프론트엔드', 'S/W 외']",,등록일 24/12/11,0,['AWS']
비코어(주),"프론트엔드(React, NextJS) 개발자를 모십니다.",https://www.saramin.co.kr/zf_user/jobs/relay/view?view_type=search&rec_idx=49499782&location=ts&searchword=%EA%B0%9C%EB%B0%9C&searchType=search&paid_fl=n&search_uuid=647e565a-85ec-4a67-8f5f-3c441ae0d27d,서울 성동구,신입·경력,대졸↑,정규직,~ 12/26(목),"['퍼블리셔', '프론트엔드', 'script', '솔루션 외']",,등록일 24/11/30,0,['Java']
(주)와이톤,주니어 백엔드 개발자 채용 (신입 / 경력),https://www.saramin.co.kr/zf_user/jobs/relay/view?view_type=search&rec_idx=49523856&location=ts&searchword=%EA%B0%9C%EB%B0%9C&searchType=search&paid_fl=n&search_uuid=647e565a-85ec-4a67-8f5f-3c441ae0d27d,서울 강남구,신입·경력,초대졸↑,정규직,~ 01/03(금),"['웹개발', '백엔드/서버개발', '프론트엔드', '외']",,등록일 24/12/04,0,"['Java', 'AWS']"
(주)대건소프트,(주)대건소프트 웹 개발자 신입/경력 직원 채용,https://www.saramin.co.kr/zf_user/jobs/relay/view?view_type=search&rec_idx=49571513&location=ts&searchword=%EA%B0%9C%EB%B0%9C&searchType=search&paid_fl=n&search_uuid=647e565a-85ec-4a67-8f5f-3c441ae0d27d,대전 유성구,신입·경력,초대졸↑,정규직,~ 01/31(금),"['웹개발', 'SI개발', '백엔드/서버개발', '프론트엔드', '유지보수 외']",,등록일 24/12/11,0,[]
(주)넥스트코어테크놀로지,열정 가득한 풀스택[Full-Stack] 개발자  모집,https://www.saramin.co.kr/zf_user/jobs/relay/view?view_type=search&rec_idx=49369822&location=ts&searchword=%EA%B0%9C%EB%B0%9C&searchType=search&paid_fl=n&search_uuid=647e565a-85ec-4a67-8f5f-3c441ae0d27d,서울 송파구,경력무관,초대졸↑,정규직,~ 01/09(목),"['앱개발', '웹개발', '백엔드/서버개발', 'script 외']",,등록일 24/11/10,0,['Java']
(주)이노스피치,JAVA웹개발자(신입~경력) 모집(서울 송파),https://www.saramin.co.kr/zf_user/jobs/relay/view?view_type=search&rec_idx=49396264&location=ts&searchword=%EA%B0%9C%EB%B0%9C&searchType=search&paid_fl=n&search_uuid=647e565a-85ec-4a67-8f5f-3c441ae0d27d,서울 송파구,경력무관,대졸↑,정규직,내일마감,"['웹개발', '유지보수', 'script', '솔루션 외']","3,200 만원",수정일 24/11/13,0,['Java']
(주)더원테크,빅데이터 와 인공지능 AI 프로그램 개발자 모십니다.,https://www.saramin.co.kr/zf_user/jobs/relay/view?view_type=search&rec_idx=49458875&location=ts&searchword=%EA%B0%9C%EB%B0%9C&searchType=search&paid_fl=n&search_uuid=647e565a-85ec-4a67-8f5f-3c441ae0d27d,서울 금천구,경력무관,대졸↑,정규직,~ 12/24(화),"['SI개발', '딥러닝', '데이터분석가 외']","3,000 만원",등록일 24/11/24,0,"['Java', 'Python']"
(주)앤드와이즈,[웹개발] 웹 개발자 채용,https://www.saramin.co.kr/zf_user/jobs/relay/view?view_type=search&rec_idx=49478214&location=ts&searchword=%EA%B0%9C%EB%B0%9C&searchType=search&paid_fl=n&search_uuid=647e565a-85ec-4a67-8f5f-3c441ae0d27d,서울 강남구,경력무관,학력무관,정규직,~ 12/27(금),"['웹개발', '프론트엔드', '솔루션', '소프트웨어개발']",,등록일 24/11/27,0,['Java']
(주)위즈웍스,[개발자] JAVA/JSP 개발자 신입 / 경력직 채용,https://www.saramin.co.kr/zf_user/jobs/relay/view?view_type=search&rec_idx=49511604&location=ts&searchword=%EA%B0%9C%EB%B0%9C&searchType=search&paid_fl=n&search_uuid=647e565a-85ec-4a67-8f5f-3c441ae0d27d,경기 안양시 동안구,신입·경력,초대졸↑,정규직,~ 01/01(수),"['웹개발', '퍼블리셔', '백엔드/서버개발', '프론트엔드 외']",,등록일 24/12/02,0,['Java']
(주)와우인포텍,신입/경력 개발자 채용  (Java Web),https://www.saramin.co.kr/zf_user/jobs/relay/view?view_type=search&rec_idx=49538364&location=ts&searchword=%EA%B0%9C%EB%B0%9C&searchType=search&paid_fl=n&search_uuid=647e565a-85ec-4a67-8f5f-3c441ae0d27d,서울 금천구,신입·경력,대졸↑,정규직,~ 12/31(화),"['웹개발', 'OracleDB 외']",,등록일 24/12/06,0,"['Java', 'React', 'Spring']"
(주)헥톤프로젝트,[GC녹십자그룹 가족사] 또하나의 가족 백엔드 개발자 채용,https://www.saramin.co.kr/zf_user/jobs/relay/view?view_type=search&rec_idx=49570386&location=ts&searchword=%EA%B0%9C%EB%B0%9C&searchType=search&paid_fl=n&search_uuid=647e565a-85ec-4a67-8f5f-3c441ae0d27d,서울 영등포구,경력3년↑,초대졸↑,정규직,~ 02/09(일),"['백엔드/서버개발', '솔루션', 'API 외']",,수정일 24/12/11,0,"['Java', 'Spring']"
(주)스노우온카드,JAVA 서버 개발자 채용,https://www.saramin.co.kr/zf_user/jobs/relay/view?view_type=search&rec_idx=49365381&location=ts&searchword=%EA%B0%9C%EB%B0%9C&searchType=search&paid_fl=n&search_uuid=647e565a-85ec-4a67-8f5f-3c441ae0d27d,서울 용산구,경력무관,초대졸↑,정규직,채용시,"['백엔드/서버개발', '솔루션', '외']",,등록일 24/11/08,0,"['Java', 'React', 'Spring']"
(주)프라터,프론트엔드 개발자 및 경영지원 신입 및 경력사원 채용,https://www.saramin.co.kr/zf_user/jobs/relay/view?view_type=search&rec_idx=49430442&location=ts&searchword=%EA%B0%9C%EB%B0%9C&searchType=search&paid_fl=n&search_uuid=647e565a-85ec-4a67-8f5f-3c441ae0d27d,서울 강남구,경력무관,학력무관,정규직·계약직,~ 12/19(목),"['앱개발', '웹개발', '백엔드/서버개발', '프론트엔드 외']",,수정일 24/11/19,0,['Java']
(주)크리에이티브소프트,JAVA 서버 신입/경력 개발자 지원 부분,https://www.saramin.co.kr/zf_user/jobs/relay/view?view_type=search&rec_idx=49535242&location=ts&searchword=%EA%B0%9C%EB%B0%9C&searchType=search&paid_fl=n&search_uuid=647e565a-85ec-4a67-8f5f-3c441ae0d27d,서울 동작구,신입·경력,초대졸↑,정규직,~ 01/04(토),"['앱개발', '웹개발', '백엔드/서버개발', '기획', '외']",,등록일 24/12/05,0,['Java']
㈜칸테크,ORACLE/PYTHON/JAVA/SQL 개발자 모집,https://www.saramin.co.kr/zf_user/jobs/relay/view?view_type=search&rec_idx=49545109&location=ts&searchword=%EA%B0%9C%EB%B0%9C&searchType=search&paid_fl=n&search_uuid=647e565a-85ec-4a67-8f5f-3c441ae0d27d,서울 강남구,경력무관,초대졸↑,정규직,~ 01/05(일),"['웹개발', 'script', '솔루션', '외']",,등록일 24/12/06,0,"['Java', 'Spring']"
범호아이티(주),대구 정보시스템 (신입/경력) Fullstack 개발자 모집합니다,https://www.saramin.co.kr/zf_user/jobs/relay/view?view_type=search&rec_idx=49550461&location=ts&searchword=%EA%B0%9C%EB%B0%9C&searchType=search&paid_fl=n&search_uuid=647e565a-85ec-4a67-8f5f-3c441ae0d27d,대구 동구,경력무관,초대졸↑,정규직,~ 01/08(수),"['앱개발', '웹개발', '백엔드/서버개발', '프론트엔드', 'API 외']",,수정일 24/12/09,0,[]
주식회사 링커리어,[링커리어] 백엔드 개발자 신입,https://www.saramin.co.kr/zf_user/jobs/relay/view?view_type=search&rec_idx=49552310&location=ts&searchword=%EA%B0%9C%EB%B0%9C&searchType=search&paid_fl=n&search_uuid=647e565a-85ec-4a67-8f5f-3c441ae0d27d,서울 강남구,신입·경력,대졸↑,정규직,~ 01/08(수),"['앱개발', '웹개발', '백엔드/서버개발', 'script 외']",,등록일 24/12/09,0,['Java']
(주)위드소프트,[정규직] 플렉스지 유지보수 개발 및 운영 모집 (신입),https://www.saramin.co.kr/zf_user/jobs/relay/view?view_type=search&rec_idx=49562930&location=ts&searchword=%EA%B0%9C%EB%B0%9C&searchType=search&paid_fl=n&search_uuid=647e565a-85ec-4a67-8f5f-3c441ae0d27d,서울 금천구,신입,학력무관,정규직,채용시,"['웹개발', '백엔드/서버개발', '유지보수', '솔루션 외']",,등록일 24/12/10,0,['Java']
(주)위드소프트,[정규직] 플렉스지 모바일(AOS/IOS) 개발자 모집 (신입·경력),https://www.saramin.co.kr/zf_user/jobs/relay/view?view_type=search&rec_idx=49572016&location=ts&searchword=%EA%B0%9C%EB%B0%9C&searchType=search&paid_fl=n&search_uuid=647e565a-85ec-4a67-8f5f-3c441ae0d27d,서울 금천구,경력무관,학력무관,정규직,채용시,"['앱개발', '백엔드/서버개발', 'iOS', '솔루션 외']",,수정일 24/12/11,0,['Java']
칼주식회사(영업소),[CAL주식회사/일본근무] IT개발자 정사원 채용/ 미경험 신입환영,https://www.saramin.co.kr/zf_user/jobs/relay/view?view_type=search&rec_idx=49530475&location=ts&searchword=%EA%B0%9C%EB%B0%9C&searchType=search&paid_fl=n&search_uuid=647e565a-85ec-4a67-8f5f-3c441ae0d27d,일본,경력무관,초대졸↑,정규직,~ 01/04(토),"['앱개발', '웹개발', 'SI개발', '개발PM', '백엔드/서버개발 외']","3,600 만원",등록일 24/12/05,0,[]
(주)퍼스트씨앤디,모빌리티 서비스 플랫폼 개발 및 유지보수 경력자 모집,https://www.saramin.co.kr/zf_user/jobs/relay/view?view_type=search&rec_idx=49570814&location=ts&searchword=%EA%B0%9C%EB%B0%9C&searchType=search&paid_fl=n&search_uuid=647e565a-85ec-4a67-8f5f-3c441ae0d27d,경기 화성시,신입·경력,대졸↑,정규직·계약직,~ 01/10(금),"['앱개발', '웹개발', '백엔드/서버개발', '프론트엔드 외']",,등록일 24/12/11,0,['Java']
(주)픽셀소프트웨어,[픽셀소프트웨어] Frontend 개발자 채용,https://www.saramin.co.kr/zf_user/jobs/relay/view?view_type=search&rec_idx=49462342&location=ts&searchword=%EA%B0%9C%EB%B0%9C&searchType=search&paid_fl=n&search_uuid=647e565a-85ec-4a67-8f5f-3c441ae0d27d,서울 강남구,경력무관,학력무관,정규직,상시채용,"['프론트엔드', 'Android', 'iOS', 'script', '외']",,수정일 24/11/29,0,"['Java', 'React']"
(주)이폼웍스,책임감 있는 Java 기반 웹 개발자를 찾습니다.,https://www.saramin.co.kr/zf_user/jobs/relay/view?view_type=search&rec_idx=49562668&location=ts&searchword=%EA%B0%9C%EB%B0%9C&searchType=search&paid_fl=n&search_uuid=647e565a-85ec-4a67-8f5f-3c441ae0d27d,서울 강남구,경력 3~10년,학력무관,정규직,~ 01/09(목),"['웹개발', '백엔드/서버개발', '유지보수', 'script 외']",,등록일 24/12/10,0,['Java']
(주)팜팜,백엔드 개발자 [신입],https://www.saramin.co.kr/zf_user/jobs/relay/view?view_type=search&rec_idx=49562901&location=ts&searchword=%EA%B0%9C%EB%B0%9C&searchType=search&paid_fl=n&search_uuid=647e565a-85ec-4a67-8f5f-3c441ae0d27d,광주전체,신입·경력,학력무관,정규직,~ 01/08(수),"['웹개발', '백엔드/서버개발', 'API 외']",,등록일 24/12/10,0,"['Python', 'AWS']"
아이엔마케팅(주),웹 개발자 신입 채용,https://www.saramin.co.kr/zf_user/jobs/relay/view?view_type=search&rec_idx=49555159&location=ts&searchword=%EA%B0%9C%EB%B0%9C&searchType=search&paid_fl=n&search_uuid=647e565a-85ec-4a67-8f5f-3c441ae0d27d,경기 파주시,신입·경력,초대졸↑,정규직,~ 01/07(화),"['앱개발', '웹개발', '퍼블리셔', '백엔드/서버개발', '외']",,등록일 24/12/09,0,['Java']
(주)루커스,[웹개발] [Frontend Web 개발자] 채용,https://www.saramin.co.kr/zf_user/jobs/relay/view?view_type=search&rec_idx=49571493&location=ts&searchword=%EA%B0%9C%EB%B0%9C&searchType=search&paid_fl=n&search_uuid=647e565a-85ec-4a67-8f5f-3c441ae0d27d,경기 성남시 분당구,경력무관,고졸↑,정규직,~ 01/10(금),"['웹개발', '백엔드/서버개발', '프론트엔드', '솔루션 외']",,수정일 24/12/11,0,['Java']
(주)엠오브에스,IT 서비스 운영 및 개발 프론트엔드 개발자 - (React/NextJs),https://www.saramin.co.kr/zf_user/jobs/relay/view?view_type=search&rec_idx=49573321&location=ts&searchword=%EA%B0%9C%EB%B0%9C&searchType=search&paid_fl=n&search_uuid=647e565a-85ec-4a67-8f5f-3c441ae0d27d,서울 동작구,경력무관,대졸↑,정규직,~ 01/10(금),"['백엔드/서버개발', '프론트엔드', 'JS 외']","3,400 만원",등록일 24/12/11,0,"['React', 'Node.js']"
알리엑스,"결제시스템 Java, Jsp 신입 개발자 채용(금융권 경험자 우대)",https://www.saramin.co.kr/zf_user/jobs/relay/view?view_type=search&rec_idx=49235245&location=ts&searchword=%EA%B0%9C%EB%B0%9C&searchType=search&paid_fl=n&search_uuid=97b20e22-cf97-4e92-9cf8-58d65020697c,서울 강남구,신입,학력무관,정규직,채용시,"['웹개발', '유지보수', 'script', '외']",,등록일 24/10/21,0,"['Java', 'Spring']"
(주)넥스트이노베이션,백엔드 SI&플랫폼 구축 개발자 채용,https://www.saramin.co.kr/zf_user/jobs/relay/view?view_type=search&rec_idx=49304568&location=ts&searchword=%EA%B0%9C%EB%B0%9C&searchType=search&paid_fl=n&search_uuid=97b20e22-cf97-4e92-9cf8-58d65020697c,서울 광진구,신입·경력,학력무관,정규직,~ 12/30(월),"['백엔드/서버개발', '솔루션', '외']",,수정일 24/12/03,0,"['Java', 'React', 'Spring']"
(주)비전브이아이텍,"[웹개발] 경력,신입사원(JAVA)정직원을 모집 함.",https://www.saramin.co.kr/zf_user/jobs/relay/view?view_type=search&rec_idx=49427640&location=ts&searchword=%EA%B0%9C%EB%B0%9C&searchType=search&paid_fl=n&search_uuid=97b20e22-cf97-4e92-9cf8-58d65020697c,서울 구로구,경력무관,대졸↑,정규직·계약직,~ 01/18(토),"['웹개발', '외']",,등록일 24/11/19,0,"['Java', 'C#', 'React', 'Spring']"
(주)모은넷,기술연구소 SW개발자 채용 (JAVA/C#/.NET),https://www.saramin.co.kr/zf_user/jobs/relay/view?view_type=search&rec_idx=49450374&location=ts&searchword=%EA%B0%9C%EB%B0%9C&searchType=search&paid_fl=n&search_uuid=97b20e22-cf97-4e92-9cf8-58d65020697c,경기 수원시 영통구,경력무관,대졸↑,정규직,~ 12/22(일),"['앱개발', '웹개발', '백엔드/서버개발', '프론트엔드 외']","3,500 만원",수정일 24/12/09,0,['Java']
(주)제스트씨엔에스,SI/SM 웹개발 및 운영 신입 채용 공고,https://www.saramin.co.kr/zf_user/jobs/relay/view?view_type=search&rec_idx=49518609&location=ts&searchword=%EA%B0%9C%EB%B0%9C&searchType=search&paid_fl=n&search_uuid=97b20e22-cf97-4e92-9cf8-58d65020697c,서울 구로구,신입,고졸↑,정규직,채용시,"['웹개발', 'Ajax', 'OracleDB 외']",,등록일 24/12/03,0,"['Java', 'Spring']"
(주)넥스트아이씨티,java/jsp 신입 SI개발자 모집,https://www.saramin.co.kr/zf_user/jobs/relay/view?view_type=search&rec_idx=49518815&location=ts&searchword=%EA%B0%9C%EB%B0%9C&searchType=search&paid_fl=n&search_uuid=97b20e22-cf97-4e92-9cf8-58d65020697c,서울 구로구,신입,고졸↑,정규직,채용시,"['웹개발', '솔루션', 'JSP 외']",,등록일 24/12/03,0,"['Java', 'Spring']"
소프트랩스,[JAVA 개발자] 백엔드/서버개발 경력직 모집,https://www.saramin.co.kr/zf_user/jobs/relay/view?view_type=search&rec_idx=49561723&location=ts&searchword=%EA%B0%9C%EB%B0%9C&searchType=search&paid_fl=n&search_uuid=97b20e22-cf97-4e92-9cf8-58d65020697c,서울 금천구,경력2년↑,학력무관,정규직·계약직,~ 01/09(목),"['웹개발', '백엔드/서버개발', '유지보수', '외']",,등록일 24/12/10,0,"['Java', 'Spring']"
(주)인시스템,[신입/경력] 웹 개발자를 모집합니다.,https://www.saramin.co.kr/zf_user/jobs/relay/view?view_type=search&rec_idx=49565217&location=ts&searchword=%EA%B0%9C%EB%B0%9C&searchType=search&paid_fl=n&search_uuid=97b20e22-cf97-4e92-9cf8-58d65020697c,부산 부산진구,신입·경력,대졸↑,정규직,~ 01/09(목),"['앱개발', '웹개발', 'HTML', 'Flutter 외']",,등록일 24/12/10,0,['React']
(주)바닐라코드,프론트엔드 개발자 모십니다,https://www.saramin.co.kr/zf_user/jobs/relay/view?view_type=search&rec_idx=49573647&location=ts&searchword=%EA%B0%9C%EB%B0%9C&searchType=search&paid_fl=n&search_uuid=97b20e22-cf97-4e92-9cf8-58d65020697c,경기 성남시 분당구,경력무관,학력무관,정규직,채용시,"['프론트엔드', '암호화폐', 'NextJS', 'NestJs', '소프트웨어개발']",,수정일 24/12/11,0,[]
미래융합교육원,건양대학교병원_바이오 메디컬 AI(의료 인공지능) 개발자 교육생 모집,https://www.saramin.co.kr/zf_user/jobs/relay/view?view_type=search&rec_idx=49376633&location=ts&searchword=%EA%B0%9C%EB%B0%9C&searchType=search&paid_fl=n&search_uuid=97b20e22-cf97-4e92-9cf8-58d65020697c,대전 서구,경력무관,대졸↑,교육생,~ 12/20(금),"['솔루션', 'S/W', '알고리즘 외']",,수정일 24/11/18,0,"['Java', 'Python']"
(주)미투유코리아,[웹개발] IT 신입/경력 개발자 채용,https://www.saramin.co.kr/zf_user/jobs/relay/view?view_type=search&rec_idx=49475746&location=ts&searchword=%EA%B0%9C%EB%B0%9C&searchType=search&paid_fl=n&search_uuid=97b20e22-cf97-4e92-9cf8-58d65020697c,서울 강서구,경력무관,초대졸↑,정규직,채용시,"['웹개발', '클라우드 외']",,수정일 24/11/26,0,"['Java', 'Spring', 'AWS']"
주식회사 지티유솔루션,[정규직]신입/초급 Java/Jquery 개발자 채용합니다.,https://www.saramin.co.kr/zf_user/jobs/relay/view?view_type=search&rec_idx=49537728&location=ts&searchword=%EA%B0%9C%EB%B0%9C&searchType=search&paid_fl=n&search_uuid=97b20e22-cf97-4e92-9cf8-58d65020697c,경기 성남시 분당구,신입·경력,초대졸↑,정규직,~ 02/03(월),"['웹개발', 'SI개발', '솔루션', '외']",,등록일 24/12/05,0,"['Java', 'Spring']"
조베이스(주),[솔루션] 백엔드 개발자 모집(python),https://www.saramin.co.kr/zf_user/jobs/relay/view?view_type=search&rec_idx=49555726&location=ts&searchword=%EA%B0%9C%EB%B0%9C&searchType=search&paid_fl=n&search_uuid=97b20e22-cf97-4e92-9cf8-58d65020697c,서울 강남구,경력무관,대졸↑,정규직,~ 01/08(수),"['백엔드/서버개발', '프론트엔드', '솔루션 외']",,등록일 24/12/09,0,"['Java', 'C++']"
(주)카네비모빌리티 광교지점,[카네비모빌리티] 차량 전장 SW 개발,https://www.saramin.co.kr/zf_user/jobs/relay/view?view_type=search&rec_idx=49571265&location=ts&searchword=%EA%B0%9C%EB%B0%9C&searchType=search&paid_fl=n&search_uuid=97b20e22-cf97-4e92-9cf8-58d65020697c,경기 수원시 영통구,경력 2~20년,대졸↑,정규직,~ 12/27(금),"['솔루션', 'S/W', 'H/W', '전자제어 외']",,수정일 24/12/12,0,['C++']
(주)고로켓컴퍼니,풀 스택 개발자 (신입),https://www.saramin.co.kr/zf_user/jobs/relay/view?view_type=search&rec_idx=49566966&location=ts&searchword=%EA%B0%9C%EB%B0%9C&searchType=search&paid_fl=n&search_uuid=97b20e22-cf97-4e92-9cf8-58d65020697c,충남 천안시,신입·경력,대졸↑,정규직,~ 01/07(화),"['앱개발', '웹개발', '백엔드/서버개발', '프론트엔드 외']",,등록일 24/12/11,0,['Java']
옴니커뮤니케이션,웹개발자 신입/경력 채용,https://www.saramin.co.kr/zf_user/jobs/relay/view?view_type=search&rec_idx=49576686&location=ts&searchword=%EA%B0%9C%EB%B0%9C&searchType=search&paid_fl=n&search_uuid=97b20e22-cf97-4e92-9cf8-58d65020697c,부산 금정구,경력무관,학력무관,정규직,~ 01/11(토),"['웹개발', '백엔드/서버개발', '프론트엔드', '유지보수 외']",,등록일 24/12/12,0,['Java']
(주)시드소프트,[시드소프트]SI개발&웹개발&백엔드/서버개발 외 정규직 채용,https://www.saramin.co.kr/zf_user/jobs/relay/view?view_type=search&rec_idx=49350099&location=ts&searchword=%EA%B0%9C%EB%B0%9C&searchType=search&paid_fl=n&search_uuid=97b20e22-cf97-4e92-9cf8-58d65020697c,서울 구로구,신입,학력무관,정규직·프리랜서,~ 12/31(화),"['웹개발', 'SI개발', '백엔드/서버개발', '소프트웨어개발']",,등록일 24/11/06,0,[]
(주)플랙스뉴럴랩스,웹 개발자 신입/경력 채용,https://www.saramin.co.kr/zf_user/jobs/relay/view?view_type=search&rec_idx=49518994&location=ts&searchword=%EA%B0%9C%EB%B0%9C&searchType=search&paid_fl=n&search_uuid=97b20e22-cf97-4e92-9cf8-58d65020697c,서울 관악구,신입·경력,학력무관,정규직,~ 01/03(금),"['웹개발', '퍼블리셔', '백엔드/서버개발', '프론트엔드', 'script 외']",,등록일 24/12/03,0,['Java']
주식회사 스타랩스,[스타랩스] 웹개발자 초/중/고/특급 채용,https://www.saramin.co.kr/zf_user/jobs/relay/view?view_type=search&rec_idx=49569017&location=ts&searchword=%EA%B0%9C%EB%B0%9C&searchType=search&paid_fl=n&search_uuid=97b20e22-cf97-4e92-9cf8-58d65020697c,서울 강남구,경력,초대졸↑,정규직·프리랜서,~ 01/10(금),"['웹개발', '백엔드/서버개발', '프론트엔드', '외']",,등록일 24/12/11,0,"['Java', 'AWS']"
(주)코어플랫폼,(주)코어플랫폼 응용소프 개발자 신입/경력직 채용공고,https://www.saramin.co.kr/zf_user/jobs/relay/view?view_type=search&rec_idx=49568885&location=ts&searchword=%EA%B0%9C%EB%B0%9C&searchType=search&paid_fl=n&search_uuid=97b20e22-cf97-4e92-9cf8-58d65020697c,부산 해운대구,신입,학력무관,정규직,~ 01/10(금),"['웹개발', '솔루션', 'IT컨설팅', 'ICT컨설팅', '네트워크 외']",,등록일 24/12/11,0,[]
뉴로랩스(주),[뉴로랩스] 웹 개발자(프론트엔드/백엔드) 채용 공고,https://www.saramin.co.kr/zf_user/jobs/relay/view?view_type=search&rec_idx=49573057&location=ts&searchword=%EA%B0%9C%EB%B0%9C&searchType=search&paid_fl=n&search_uuid=97b20e22-cf97-4e92-9cf8-58d65020697c,대구 수성구,경력무관,초대졸↑,정규직,채용시,"['웹개발', '백엔드/서버개발', '프론트엔드', 'script', '외']",,수정일 24/12/11,0,"['Java', 'React']"
(주)언더핀,[백엔드/서버개발] 백엔드 엔지니어 신입,https://www.saramin.co.kr/zf_user/jobs/relay/view?view_type=search&rec_idx=49403255&location=ts&searchword=%EA%B0%9C%EB%B0%9C&searchType=search&paid_fl=n&search_uuid=97b20e22-cf97-4e92-9cf8-58d65020697c,서울 서초구,경력무관,학력무관,정규직,~ 12/14(토),"['백엔드/서버개발', 'API 외']",,등록일 24/11/14,0,"['React', 'Spring', 'AWS']"
보윙(주),[신입] 웹/앱 개발자 백엔드 신입 모집 - 판교근무,https://www.saramin.co.kr/zf_user/jobs/relay/view?view_type=search&rec_idx=49448262&location=ts&searchword=%EA%B0%9C%EB%B0%9C&searchType=search&paid_fl=n&search_uuid=97b20e22-cf97-4e92-9cf8-58d65020697c,경기 성남시 수정구,신입,대졸↑,정규직·계약직,~ 12/21(토),"['앱개발', '웹개발', '백엔드/서버개발', '프론트엔드 외']",,수정일 24/11/25,0,['Java']
(주)넥스트그라운드,백엔드 개발자 (Java) 전환형 인턴 채용,https://www.saramin.co.kr/zf_user/jobs/relay/view?view_type=search&rec_idx=49454055&location=ts&searchword=%EA%B0%9C%EB%B0%9C&searchType=search&paid_fl=n&search_uuid=97b20e22-cf97-4e92-9cf8-58d65020697c,서울 강남구,경력무관,학력무관,인턴직,~ 12/19(목),"['백엔드/서버개발', '인프라 외']",,수정일 24/12/04,0,"['Java', 'Spring', 'AWS']"
주식회사 하이파킹,(주)하이파킹 주차장 개발자 채용(Mobility Hub Platform),https://www.saramin.co.kr/zf_user/jobs/relay/view?view_type=search&rec_idx=49459393&location=ts&searchword=%EA%B0%9C%EB%B0%9C&searchType=search&paid_fl=n&search_uuid=97b20e22-cf97-4e92-9cf8-58d65020697c,경기 성남시 분당구,경력무관,대졸↑,정규직,~ 12/25(수),"['웹개발', '백엔드/서버개발', '프론트엔드', 'script 외']",,수정일 24/12/11,0,['Java']
(주)와이즈캔,(주)와이즈캔 JAVA 웹 개발자 채용(신입 및 경력),https://www.saramin.co.kr/zf_user/jobs/relay/view?view_type=search&rec_idx=49482405&location=ts&searchword=%EA%B0%9C%EB%B0%9C&searchType=search&paid_fl=n&search_uuid=97b20e22-cf97-4e92-9cf8-58d65020697c,서울 강남구,경력무관,학력무관,정규직,~ 12/27(금),"['웹개발', 'API', '솔루션업체', '소프트웨어개발']",,수정일 24/11/27,0,['Java']
주식회사 에이데이타,JAVA Back-End 개발자 정규직(신입) 채용,https://www.saramin.co.kr/zf_user/jobs/relay/view?view_type=search&rec_idx=49490073&location=ts&searchword=%EA%B0%9C%EB%B0%9C&searchType=search&paid_fl=n&search_uuid=97b20e22-cf97-4e92-9cf8-58d65020697c,서울 성동구,경력무관,대졸↑,정규직,내일마감,"['백엔드/서버개발', 'script', '솔루션', '외']","3,400 만원",등록일 24/11/28,0,"['Java', 'Spring']"
(주)바로건설기술,건축 프로그램 개발 신입 및 경력 사원 모집,https://www.saramin.co.kr/zf_user/jobs/relay/view?view_type=search&rec_idx=49560880&location=ts&searchword=%EA%B0%9C%EB%B0%9C&searchType=search&paid_fl=n&search_uuid=97b20e22-cf97-4e92-9cf8-58d65020697c,서울 강동구,신입·경력,대졸↑,정규직,~ 01/08(수),"['웹개발', '백엔드/서버개발', 'CAD', 'S/W 외']",,등록일 24/12/10,0,['C++']
노드그라운드,LG전자와 협업하실 성장 가능한 개발자를 모집합니다,https://www.saramin.co.kr/zf_user/jobs/relay/view?view_type=search&rec_idx=49564833&location=ts&searchword=%EA%B0%9C%EB%B0%9C&searchType=search&paid_fl=n&search_uuid=97b20e22-cf97-4e92-9cf8-58d65020697c,경남 창원시,경력무관,대졸↑,정규직,~ 12/31(화),"['웹개발', 'S/W', '임베디드', '펌웨어 외']","4,400 만원",등록일 24/12/10,0,['Java']
네이버(주),[NAVER] LLM을 활용한 검색 알고리즘 개발 인턴 (체험형),https://www.saramin.co.kr/zf_user/jobs/relay/view?view_type=search&rec_idx=49559745&location=ts&searchword=%EA%B0%9C%EB%B0%9C&searchType=search&paid_fl=n&search_uuid=97b20e22-cf97-4e92-9cf8-58d65020697c,경기 성남시 분당구,신입,학력무관,인턴직,내일마감,"['알고리즘', '검색엔진']",,수정일 24/12/10,0,['SQL']
(주)퀀텀솔루션,[서울] 2025년 JAVA 개발자 모집,https://www.saramin.co.kr/zf_user/jobs/relay/view?view_type=search&rec_idx=49567109&location=ts&searchword=%EA%B0%9C%EB%B0%9C&searchType=search&paid_fl=n&search_uuid=97b20e22-cf97-4e92-9cf8-58d65020697c,서울 금천구,경력무관,학력무관,정규직,~ 01/10(금),"['RDBMS', 'JPA', 'Boot', 'SVN 외']",,등록일 24/12/11,0,"['Java', 'Spring']"
(주)레드마우스,프론트엔드 개발자 신입사원 채용  [정규직],https://www.saramin.co.kr/zf_user/jobs/relay/view?view_type=search&rec_idx=49562366&location=ts&searchword=%EA%B0%9C%EB%B0%9C&searchType=search&paid_fl=n&search_uuid=97b20e22-cf97-4e92-9cf8-58d65020697c,경기 수원시 영통구,신입·경력,초대졸↑,정규직,~ 01/09(목),"['웹개발', '프론트엔드', 'script', '클라우드 외']",,등록일 24/12/10,0,"['Java', 'React']"
(주)태웅로직스,IT전략팀 웹개발자 채용,https://www.saramin.co.kr/zf_user/jobs/relay/view?view_type=search&rec_idx=49569932&location=ts&searchword=%EA%B0%9C%EB%B0%9C&searchType=search&paid_fl=n&search_uuid=97b20e22-cf97-4e92-9cf8-58d65020697c,서울 서초구,신입·경력,초대졸↑,정규직·인턴직,~ 12/22(일),"['웹개발', '백엔드/서버개발', '유지보수', '정보보안', '정보통신 외']",,등록일 24/12/11,0,[]
㈜동화엔텍,(주)동화엔텍 기기개발팀 신입/경력 연구원 모집,https://www.saramin.co.kr/zf_user/jobs/relay/view?view_type=search&rec_idx=49503778&location=ts&searchword=%EA%B0%9C%EB%B0%9C&searchType=search&paid_fl=n&search_uuid=97b20e22-cf97-4e92-9cf8-58d65020697c,부산 강서구,경력무관,대졸↑,정규직,~ 01/01(수),"['R&D', 'R&D기획', '연구원', '생산', '설계엔지니어 외']",,수정일 24/12/02,0,[]
(주)유라코퍼레이션,[유라코퍼레이션] 자동차 부품 금형 개발 경력사원 채용,https://www.saramin.co.kr/zf_user/jobs/relay/view?view_type=search&rec_idx=49515785&location=ts&searchword=%EA%B0%9C%EB%B0%9C&searchType=search&paid_fl=n&search_uuid=97b20e22-cf97-4e92-9cf8-58d65020697c,경기 평택시,경력무관,대졸↑,정규직,오늘마감,"['금형설계', 'CAD', '사출금형', '프레스금형', '자동차 외']",,등록일 24/12/03,0,[]
(주)경호엔지니어링종합건축사사무소,(주)경호엔지니어링 토목설계 도시개발부(단지설계) 채용,https://www.saramin.co.kr/zf_user/jobs/relay/view?view_type=search&rec_idx=49552142&location=ts&searchword=%EA%B0%9C%EB%B0%9C&searchType=search&paid_fl=n&search_uuid=97b20e22-cf97-4e92-9cf8-58d65020697c,서울 송파구,경력무관,초대졸↑,정규직,~ 01/08(수),"['토목설계', '토목기술자', '토목회사']",,등록일 24/12/09,0,[]
(주)탑머티리얼,(주)탑머티리얼 이천/평택공장 개발본부 소재개발 연구원 모집,https://www.saramin.co.kr/zf_user/jobs/relay/view?view_type=search&rec_idx=49563798&location=ts&searchword=%EA%B0%9C%EB%B0%9C&searchType=search&paid_fl=n&search_uuid=97b20e22-cf97-4e92-9cf8-58d65020697c,경기 이천시,신입·경력,석사↑,정규직,~ 12/31(화),"['R&D', '연구원', '신소재', '이화학시험', '기타제조업']",,수정일 24/12/10,0,[]
현대모비스(주),현대모비스 생산개발담당 모듈조립 계약직 채용 (남양연구소),https://www.saramin.co.kr/zf_user/jobs/relay/view?view_type=search&rec_idx=49556852&location=ts&searchword=%EA%B0%9C%EB%B0%9C&searchType=search&paid_fl=n&search_uuid=97b20e22-cf97-4e92-9cf8-58d65020697c,경기 화성시,경력무관,초대졸↑,기간제·계약직,~ 12/16(월),"['생산', '주간근무', '생산기술', '제조', '조립 외']",,등록일 24/12/09,0,[]
에스디바이오센서(주),에스디바이오센서(주) 분자진단개발 연구원 채용,https://www.saramin.co.kr/zf_user/jobs/relay/view?view_type=search&rec_idx=49565097&location=ts&searchword=%EA%B0%9C%EB%B0%9C&searchType=search&paid_fl=n&search_uuid=97b20e22-cf97-4e92-9cf8-58d65020697c,경기 수원시 영통구,경력 3~9년,대졸↑,정규직,~ 01/01(수),"['연구원', '동물실험', '분자진단', '바이오']",,등록일 24/12/10,0,[]
(주)디에스시,자동차부품 개발업무 경력직(책임매니저급) 채용,https://www.saramin.co.kr/zf_user/jobs/relay/view?view_type=search&rec_idx=49566435&location=ts&searchword=%EA%B0%9C%EB%B0%9C&searchType=search&paid_fl=n&search_uuid=97b20e22-cf97-4e92-9cf8-58d65020697c,경북 경주시,경력 10~15년,대졸↑,정규직,~ 01/10(금),"['기계설계', '자동차', '기계조작원', '자동차부품']",,수정일 24/12/11,0,[]
